序号,链接,节点数
0,https://clashvergerev.github.io/uploads/2025/04%/
-12.yaml,0
1,http://1.116.162.163:10090,27
2,http://101.200.14.80:3325/api/v1/client/subscribe?token=465325a70b0a58f7592cb2acf2215274,0
3,http://102.xicun.us.kg,0
4,http://103.26.10.205,0
5,http://103.26.10.28,0
6,http://103.67.52.65,47
7,http://116.31.166.182:81,0
8,http://124.222.154.246,0
9,http://124.71.40.178/api/v1/client/subscribe?token=406010749cf80c6015826ee29f7d1d08,26
10,http://15.197.234.117:40329/sub/66981cd05be137cf/clash/%E9%A3%9E%E9%B8%9F%E5%8A%A0%E9%80%9F?route=0,117
11,http://154.201.72.138:3000,0
12,http://172.245.30.41/clash.yaml,12
13,http://185.230.187.40,0
14,http://202503281226111.chibaba.ggff.net/api/v1/client/subscribe?token=be030b075cf4ba7afeeae4d3257fbdb8#/,23
15,http://202504081152261.chibaba.ggff.net/api/v1/client/subscribe?token=051c04e9267e21b120fcce358401472e,23
16,http://2025y7y18.fyy.asia,106
17,http://211.161.103.206,2
18,http://216.185.57.162,0
19,http://216.185.57.210,0
20,http://216.185.57.72,0
21,http://3366.svip988.com,1115
22,http://43.138.13.231:8090,0
23,http://47.243.59.73/api/v1/client/subscribe?token=f872370768e7e2d6a36c7c1bb5d7f370,0
24,http://47.83.197.147:13896/api/v1/client/subscribe?token=58564fe6014bf9df94bf3f96da6c5880,0
25,http://6666.pengggan.us.kg,0
26,http://6bsub.zhunchuanpb.com/api/v1/client/subscribe?token=013d68e3fd52534bcc13d6575ba12c4d,0
27,http://7777.pengggan.us.kg,0
28,http://8.129.23.122/s/5fc9a1457054d335feb23235bd8b9225,7
29,http://8y12aw.fyy.asia,22
30,http://8y12wasu.fxu.asia,0
31,http://ads.ruangguru.com.blackhazard.mvsv.us.kg,0
32,http://ads.ruangguru.com.vvip.inconigto.us.kg,0
33,http://afrcloud.web.id,0
34,http://afrcloud.xyz,0
35,http://aos.714541.xyz,0
36,http://api.midtrans.com.vvip.inconigtomode.us.kg,0
37,http://ava.game.naver.com.afrcloud.xyz,0
38,http://ava.game.naver.com.blackhazard.mvsv.us.kg,0
39,http://ava.game.naver.com.milfhunter.mvsv.us.kg,0
40,http://ava.game.naver.com.vip.tfstore.biz.id,0
41,http://ava.game.naver.com.vtsbot.masukin.web.id,0
42,http://best.momoxiaodian.cc/mo99/serve/axiba/gov?token=42763f88aad0cf9243ed69b5c16364f4,18
43,http://best.momoxiaodian.cc/mo99/serve/axiba/gov?token=42763f88aad0cf9243ed69b5c16364f4,18
44,http://best.momoxiaodian.cc/mo99/serve/axiba/gov?token=42763f88aad0cf9243ed69b5c16364f4&amp,18
45,http://blog.6bohe.com,0
46,http://blog.moxiaoying.top,0
47,http://business.blibli.com.blackhazard.mvsv.us.kg,0
48,http://cache.netflix.com.sub.vltr.us.kg,0
49,http://cache.netflix.com.vip.tfstore.biz.id,0
50,http://cache.netflix.com.vvip.inconigtomode.us.kg,0
51,http://cdn.appsflayer.com.vtsbot.masukin.web.id,0
52,http://christian.vivaldi.net,667
53,http://cindra.web.id,655
54,http://clash.554556.xyz,162
55,http://clash.phpman.top,1
56,http://clash.xin-yu.cloud,0
57,http://csgo3.fask511.cfd:1588/api/v1/client/subscribe?token=145b15f91f224adcb7fff14c738aa737,0
58,http://davgp416ip6zl8pfrusvvag.zhuyingsu.site/api/v1/client/subscribe?token=a0534b907f25130fbc239d792d776119,133
59,http://df.game.naver.com.vvip.inconigto.us.kg,0
60,http://df.game.naver.com.vvip.inconigtomode.us.kg,0
61,http://dy.changyouVPN.top/api/v1/client/subscribe?token=2d4a161571330be113d2710100caa913,0
62,http://dy.changyouVPN.top/api/v1/client/subscribe?token=92bb524fed594758d91477746169e3b2,0
63,http://dy.changyouVPN.top/api/v1/client/subscribe?token=9c96528b5f6b0b47719b148f03c692b9,0
64,http://dy.changyouVPN.top/api/v1/client/subscribe?token=ae2d46b360f66cfb6c3e7e0d651c2a86,0
65,http://dy.changyouVPN.top/api/v1/client/subscribe?token=e366bfd147292b2d6df2f36151c80547,0
66,http://dy.changyouVPN.top/api/v1/client/subscribe?token=ea8146316de50ab1d7015f8d68c9df42,0
67,http://dy.changyouvpn.top/api/v1/client/subscribe?token=4e85554dae1c9858676693ae38d50c15,0
68,http://elgunclash.123499.xyz,0
69,http://external-confluence.pimax.com,2
70,http://feigou.zhunchuanpb.com/api/v1/client/subscribe?token=3dd452e7b921c8e82b5a83e75ab5f3e8,0
71,http://filusdt.461553.best:1588/api/v1/client/subscribe?token=0bce276074604f32f207b7d1dd31aa2d,0
72,http://flclash.us.kg,74
73,http://g3i.buzz/v3/subscr?id=16cc70663cb340018a7ad5a146cc8428,0
74,http://gbtgurl01.org/api/v1/client/subscribe?token=57838ab51e019455d79c061df8830ee8,13
75,http://gbtgurl01.org/api/v1/client/subscribe?token=78e5b35af2d274edd9dac1a034647989,13
76,http://gillwongclash.123499.xyz,0
77,http://gist.zmy666.us.kg,0
78,http://goch.diyvcn.cloudns.ch,3119
79,http://gowarp.diyvcn.cloudns.ch,3120
80,http://homerstrojantheater.iath.virginia.edu,196
81,http://hr.phpcat.ir,2
82,http://i-integration-gojekapi.com.vvip.inconigto.us.kg,0
83,http://id-vpnvip.my.id,2
84,http://inversoressolar.com,744
85,http://investor.fb.com.blackhazard.mvsv.us.kg,0
86,http://jc.hsbogk.icu,0
87,http://jgw-mg-pu.cfdns.us.kg,0
88,http://jjz.31465.cfd/api/v1/client/subscribe?token=4c55b1a88f0dd170cf89573cf9ba65be,0
89,http://license.ss5.xyz,0
90,http://mail.inversoressolar.com,744
91,http://media-cgk1-1.cdn.whatsapp.net.vvip.inconigto.us.kg,0
92,http://media-cgk1-1.cdn.whatsapp.net.vvip.inconigtomode.us.kg,0
93,http://mhq.us.kg,0
94,http://milfhunter.mvsv.us.kg,0
95,http://mjj.oldzhg.com,82
96,http://moxiaoying.top,0
97,http://mssdk24-normal-useast2a.tiktokv.com.vtsbot.masukin.web.id,0
98,http://mst2.xicun.us.kg,0
99,http://nuxyun.v2rayflash.top/api/v1/client/subscribe?token=531e0be2dbbfc393dfac550abee6ce57#,19
100,http://nuxyun.v2rayflash.top/api/v1/client/subscribe?token=531e0be2dbbfc393dfac550abee6ce57,19
101,http://nuxyun.v2rayflash.top/api/v1/client/subscribe?token=be30e81980997f794f9b4660ed1bbd5d#/2.2mb/s,10
102,http://nuxyun.v2rayflash.top/api/v1/client/subscribe?token=be30e81980997f794f9b4660ed1bbd5d,10
103,http://pool.cfip.nyc.mn,296
104,http://proxy-air.zheyu.one,27
105,http://proxy-mini.zheyu.one,24
106,http://proxy-phone.zheyu.one,485
107,http://proxy.zheyu.one,96
108,http://quiz.int.vidio.com.sub.vltr.us.kg,0
109,http://r.sywk.com.cn,1
110,http://sentry-uit.line-apps.com.vvip.inconigto.us.kg,0
111,http://sentry-uit.line-apps.com.vvip.inconigtomode.us.kg,0
112,http://spaceport.wsm.ink,0
113,http://ss.xjp4.io,0
114,http://stickershop.line.me.vvip.inconigto.us.kg,0
115,http://stickershop.line.me.vvip.inconigtomode.us.kg,0
116,http://sub.cuberwr.online,1
117,http://sub.derrick.us.kg,0
118,http://sub.ss5.xyz,0
119,http://sub.vltr.us.kg,0
120,http://sub.xn--4gq62f8yih87b.xyz/yiyuan?token=1072b3a13f4fb5d8b2335f8edd6dce3e,0
121,http://support.zoom.us.blackhazard.mvsv.us.kg,0
122,http://support.zoom.us.sub.vltr.us.kg,0
123,http://support.zoom.us.vvip.inconigtomode.us.kg,0
124,http://top.phpcat.ir,2
125,http://trojans.securitystronghold.com,202
126,http://tsg-dhy.pages.dev,1
127,http://u1s2a-sub-sg.nfjbill.us.kg,0
128,http://uts-front.line-apps.com.vvip.inconigto.us.kg,0
129,http://vip.tfstore.biz.id,0
130,http://vipren.biz.id,1780
131,http://vpn.mhmmddnl.my.id,0
132,http://vtsbot.masukin.web.id,0
133,http://vvip.inconigto.us.kg,0
134,http://vyysub.euquw.cn/api/v1/client/subscribe?token=6e5f80fab864cbe419ec0f0cd83882b7,0
135,http://waslani-indramayu.my.id,0
136,http://webhook.ss5.xyz,0
137,http://webhook.taoqu88.com,0
138,http://www.crosswall.org/api/v1/client/subscribe?token=0eaf71a9d6cb235fdd280649b782905d,0
139,http://www.crosswall.org/api/v1/client/subscribe?token=8b8311758e4c21e235e98f02c67b4536,0
140,http://www.crosswall.org/api/v1/client/subscribe?token=a0c691efdad7bf992d7c737d83c5ffba,0
141,http://www.lavoixdesrroms.org,612
142,http://www.moxiaoying.top,0
143,http://www.op000.cn,261
144,http://www.supercharge.com.au,3418
145,http://www.travelferry.com,156
146,http://x2.xueshan.shop/s/abfc13cec3a28f83e30487ef498fdd7c,4
147,http://xiaohuahuahuahuaclash.123499.xyz,0
148,http://yaml.xicun.us.kg,0
149,http://yangshuomao.xjp4.io,0
150,http://youtiao66clash.123499.xyz,0
151,http://ywl.201593.xyz/s/16687002e04dae38fcf8150829e5a943,17
152,http://ywl.201593.xyz/s/42d91418a7fe6dadfd7ba1e0dc2a1053,17
153,http://ywl.201593.xyz/s/479f5e96c556413bfc5e3adec87b025b,17
154,http://ywl.201593.xyz/s/4cf6a3fd45789ed1e21bc3b5d23e3495,17
155,http://ywl.201593.xyz/s/9e2f0f84922856493312a2d4c1838bfd,17
156,http://ywl.201593.xyz/s/c0df6ca659cf9408f6b0a03ce306d1e7,17
157,http://yzxxy.top:7001/s/1ccef1f52c9699eb66df5892eff6834f,0
158,http://yzxxy.top:7001/s/3cf80831db8b3405177e0eaf8f26cd3a,0
159,http://yzxxy.top:7001/s/bd55236380bc817c2dd02895e519c62e,0
160,http://yzxxy.top:7001/s/d6649d2e9958ddc0c06b2ac4e410eb75,0
161,http://zaintest.vuclip.com.afrcloud.xyz,0
162,http://zaintest.vuclip.com.sub.vltr.us.kg,0
163,http://zaintest.vuclip.com.vip.tfstore.biz.id,0
164,http://zaintest.vuclip.com.vpn.mhmmddnl.my.id,0
165,http://zaintest.vuclip.com.vtsbot.masukin.web.id,0
166,https://04hua.xiaoliyusub.top:8443/api/v1/client/2c1c6f4d49a84aed9ec36f5f47cb7fe7,0
167,https://088EA81A-3547-85E0-4AF6-DFCB3C6674AA.372372.xyz/api/v1/client/subscribe?token=d3065c795c0ea07c325756a2515708d9,25
168,https://088EA81A-3547-85E0-4AF6-DFCB3C6674AA.372372.xyz/api/v1/client/subscribe?token=d3065c795c0ea07c325756a2515708d9,25
169,https://088ea81a-3547-85e0-4af6-dfcb3c6674aa.372372.xyz/api/v1/client/subscribe?token=5cb24ce689fecdb776dbcc0f5c29fde5,26
170,https://088ea81a-3547-85e0-4af6-dfcb3c6674aa.372372.xyz/api/v1/client/subscribe?token=5cb24ce689fecdb776dbcc0f5c29fde5,26
171,https://088ea81a-3547-85e0-4af6-dfcb3c6674aa.372372.xyz/api/v1/client/subscribe?token=5cb24ce689fecdb776dbcc0f5c29fde5&amp;freeVPNjd,26
172,https://0d2th.no-mad-world.club/link/dacqbivsqysnpzlq?clash=3&amp;extend=1,7
173,https://0e321902-dbed-4a68-9561-901b83ce9a4b.xn--l6qx3lcvp58x.com/s/536c81b786085e0e5270db4185d21036,4
174,https://1.14.61.14,0
175,https://1.bethebest.eu.org/api/v1/client/subscribe?token=846d0801c50b4d5bc700617a1e38caaf,34
176,https://102.hssz202207.eu.org,0
177,https://102.xicun.us.kg,0
178,https://116.198.203.22,0
179,https://1321078938-11mmjf3qkb-hk.scf.tencentcs.com/api/v1/client/subscribe?token=cb1270a6aa0980c4de79b49aad8098f7,2
180,https://156.238.251.235,0
181,https://1821.nginx24ppy.xyz/link/kySLStKTpSimjajb?clash=1,0
182,https://185.230.187.39,0
183,https://185.230.187.40,0
184,https://196284.nginxzfd.xyz/link/esIsAcki4GGB50Vt?sub=3,0
185,https://1rzy6c5.wxll4.cfd/api/v1/client/subscribe?token=aaeeafc2936e179b5b88430677a401d9,38
186,https://202502181121431.chibaba.ggff.net/api/v1/client/subscribe?token=b5756287f05633d9068afb2a9fe375ba,23
187,https://202503212313501.chibaba.ggff.net/api/v1/client/subscribe?token=eee1b58c52d8e656bc6b729a182cf49b,23
188,https://2025y7y18.fyy.asia,106
189,https://2381bfde-8c93-4701-8f14-24f071067a1a.nginx24bit.xyz/api/v1/client/subscribe?token=7a34a7e4d092c4bc11064c4ca594a15c,45
190,https://29q93.no-mad-world.club/link/Fn2jGHphlEXjq86l?clash=3&amp;extend=1,7
191,https://31465.543412546.xyz/api/v1/client/subscribe?token=9d795a8dd28ef8f6676f1cc086b806db,28
192,https://33147899awhlop6658.hssl8088.icu/api/v1/client/subscribe?token=429d43b26c6ac9fad5ef88c2f7f2df2d,8
193,https://3366.svip988.com,1115
194,https://45.137.181.197/api/v1/client/subscribe?token=57141b33b664412b3254cd69853edc57,66
195,https://47.239.42.117/api/v1/client/subscribe?token=777e228073625c4cad9a6cdfd13522b3,0
196,https://523qaweg246.pandafly.site/api/v1/client/subscribe?token=10df3d3eaadae9a959d708f1b8e2f8b4,0
197,https://6633.svip988.com,115
198,https://6666.pengggan.us.kg,0
199,https://666676666.xyz/api/v1/client/subscribe?token=dc8260cdabfb187bf48f5963ea032678,42
200,https://7777.pengggan.us.kg,0
201,https://8088.hssl8088.icu/api/v1/client/subscribe?token=4cb7ec74ccc68ff6d19ca8e74d251ab2,7
202,https://8088.hssl8088.icu/api/v1/client/subscribe?token=4cb7ec74ccc68ff6d19ca8e74d251ab2,7
203,https://8088.hssl8088.icu/api/v1/client/subscribe?token=69a3727aa11627f74be389cf0f05a0f9,11
204,https://8088.hssl8088.icu/api/v1/client/subscribe?token=ea3fd44dcbeb6eb764d1bed3a30710fa,11
205,https://8y12aw.fyy.asia,22
206,https://8y12wasu.fxu.asia,0
207,https://9bd4028e.ghelper.me/subs/clash/e64615699bd4028e7ed0e1b6e7eb9655,24
208,https://BZBGTr.absslk.xyz/5f21e6c5e441bb9d8403c7d787023ca2,40
209,https://NcLAhc.subxly.cfd:8443/api/v1/client/e5af9bc2d642948f3a0ee39d4a86a5d8,0
210,https://YQZQQHGLWm.prosubnet02.eu:8443/api/v1/client/aebce815b7bf49678c817aa5900da668,4
211,https://YalDxO.mcsslk.xyz/24f766e7176630ec5cbca5c8651e4096,39
212,https://ab.dabai.in/link/9DDTZ2gMPSOGqfk7?clash=1,0
213,https://ab.dabai.in/link/9DDTZ2gMPSOGqfk7?clash=1,0
214,https://acsub.kyapi.xyz/modules/servers/V2RaySocks/subscribe/clash.php?sid=208610&token=77PPvErQfbJM,0
215,https://ads.ruangguru.com.blackhazard.mvsv.us.kg,0
216,https://ads.ruangguru.com.vvip.inconigto.us.kg,0
217,https://af078381-fcf9-457a-b03a-7bfaf506cd0b.xn--l6qx3lcvp58x.com/api/v1/client/subscribe?token=536c81b786085e0e5270db4185d21036,4
218,https://afrcloud.web.id,0
219,https://ag.bnpm.dynu.net:30443/api/v1/client/subscribe?token=58783846cbee6647784c16bb08d58918,0
220,https://aggregator.aoip.top/,0
221,https://ai.ssrsub.com/api/v1/client/subscribe?token=467c48bc3778605fd1e76c9c8950f786,10
222,https://andrewji8-9527.xlog.app,104
223,https://ansuyun.xyz/api/as?token=329be9f6fc07ffff723c13ff6f478154,24
224,https://ansuyun.xyz/api/as?token=84a8bd92ef0ac3e8dc0df111eb2a4e08,24
225,https://ansuyun.xyz/api/as?token=a0600c664805237ffa7df55a12fa049e,24
226,https://aos.714541.xyz,0
227,https://ap.niaodi.top/niao?token=cdaa1b1f44005a4ed020ea98e001d0c5,6
228,https://api-hx.02000.net/api/v1/client/subscribe?token=0421949f1b1a6f9f0c748c33d8ab7411,78
229,https://api-hx.02000.net/api/v1/client/subscribe?token=30f699299b1f227b6dccc807cd35b55f,78
230,https://api-hx.02000.net/api/v1/client/subscribe?token=4fc512b5d067a28b6f595e01d41ae5fa,78
231,https://api-hx.02000.net/api/v1/client/subscribe?token=5d853f12858ac5e6af766cbc4faf56c7,78
232,https://api-hx.02000.net/api/v1/client/subscribe?token=9f44dff9e7a82425fc71e78c9d79fbb1,78
233,https://api-hx.02000.net/api/v1/client/subscribe?token=9f44dff9e7a82425fc71e78c9d79fbb1,78
234,https://api-hx.02000.net/api/v1/client/subscribe?token=e82d22497971e6d76cb9d5969e689e06,78
235,https://api-hy.02000.net/api/v1/client/subscribe?token=14d22f7916e2ed34bc0d4d22d0cec0ee,28
236,https://api-hy.02000.net/api/v1/client/subscribe?token=822aa4a58e5ffb5b87568d8d4484f191,28
237,https://api-hy.02000.net/api/v1/client/subscribe?token=d94e1944877443f61040a378891e30a4,28
238,https://api-hy.02000.net/api/v1/client/subscribe?token=f34db84c3d63c0b078bed363b947b500,28
239,https://api-hy.02000.net/api/v1/client/subscribe?token=fd4d3c210dab9df31b93e0612d2d0457,28
240,https://api.e986532.top/api/v1/client/subscribe?token=4a436c87943c221b2c1296018152a084,0
241,https://api.e986532.top/api/v1/client/subscribe?token=779f18d02602c1252fe4ab7a085d299c,8
242,https://api.e986532.top/api/v1/client/subscribe?token=779f18d02602c1252fe4ab7a085d299c,8
243,https://api.e986532.top/api/v1/client/subscribe?token=84160be5a5d977d877724af38e490333,0
244,https://api.e986532.top/api/v1/client/subscribe?token=be99ad1e354169ca6ebd208a1d7abee9,0
245,https://api.liltjay.ip-ddns.com/TQWMYCWH2D,15
246,https://api.midtrans.com.vvip.inconigtomode.us.kg,0
247,https://api.sywk.com.cn,0
248,https://api.xinyo.vip/api/v1/client/subscribe?token=32766ad77e22239683fc3b9e2a06f4bd,4
249,https://api.xinyo.vip/api/v1/client/subscribe?token=5a563d7330dd13ce16ec909ea4257548,4
250,https://api.xinyo.vip/api/v1/client/subscribe?token=731485d80bbbde226e16ffac57a57554,4
251,https://api.xinyo.vip/api/v1/client/subscribe?token=825684aa7107efeabe525c12bd10bd02,4
252,https://api.xinyo.vip/api/v1/client/subscribe?token=b0e5f918cf3c088dcfa65bf1f0a40ba1,4
253,https://api.xinyo.vip/api/v1/client/subscribe?token=bb57e2195a6cabe24ed9469b3669aa0d,4
254,https://api.xinyo.vip/api/v1/client/subscribe?token=d9063e2f55e2c52c1ecb0279c25de3bd,4
255,https://api.xyurl.site/api/v1/client/subscribe?token=fed4ab7c582c2a41a08a858f91644430,0
256,https://api.xyurl.site/api/v1/client/subscribe?token=fed4ab7c582c2a41a08a858f91644430&amp;amp;ty,0
257,https://api.xyurl.site/api/v1/client/subscribe?token=fed4ab7c582c2a41a08a858f91644430&amp;ty,0
258,https://api1.fzdwf.top/api/v1/client/subscribe?token=67706c7a66b91ab14742f3e54771037f,61
259,https://apisudunw.sudunv.com/api/v1/client/subscribe?token=9688430be4948a401d447b54fd50122f,34
260,https://app.jisuba.live/s/1981e8cdc2e36df838306afe082cee39,16
261,https://app.jisuba.live/s/1f8cc339e262ef7f03c0e20ef4f8651b,16
262,https://app.legeth.cc/api/v1/client/subscribe?token=16adca9ffbbf077e5b0d94107b071e46,0
263,https://app.mitce.com/?sid=150643&token=2532d78912788f2b0c88,0
264,https://apps.apple.com/us/app/sing-box-vt/id6673731168,0
265,https://aq.louwangzhiyu.xyz/api/v1/client/subscribe?token=60ea712bdae276ada7d4a60bf98992e4,12
266,https://ava.game.naver.com.afrcloud.xyz,0
267,https://ava.game.naver.com.blackhazard.mvsv.us.kg,0
268,https://ava.game.naver.com.milfhunter.mvsv.us.kg,0
269,https://ava.game.naver.com.vip.tfstore.biz.id,0
270,https://ava.game.naver.com.vtsbot.masukin.web.id,0
271,https://b.bbydy.org/api/v1/client/subscribe?token=b5cc7efa2d437b688b2d603da9639090,2
272,https://b3b0549e-160e-495a-a528-cccf5148bc48.372372.xyz/api/v1/client/subscribe?token=db8f691dbae4050ab22e5fe68351befb,25
273,https://b3b0549e-160e-495a-a528-cccf5148bc48.372372.xyz/api/v1/client/subscribe?token=db8f691dbae4050ab22e5fe68351befb,25
274,https://b3b0549e-160e-495a-a528-cccf5148bc48.372372.xyz/api/v1/client/subscribe?token=db8f691dbae4050ab22e5fe68351befb&amp,25
275,https://b3b0549e-160e-495a-a528-cccf5148bc48.372372.xyz/api/v1/client/subscribe?token=db8f691dbae4050ab22e5fe68351befb&amp;amp;amp;flag=clash,25
276,https://b3b0549e-160e-495a-a528-cccf5148bc48.372372.xyz/api/v1/client/subscribe?token=db8f691dbae4050ab22e5fe68351befb&amp;amp;flag=clash,25
277,https://bayoeorescentpossessicoanseparateuneforescenphocommitte.adoptangelaboradvacotionclwonthorughconfrmcompimentdeseertaltar.org/link/wUb3aAiSamxS64nu?clash=2,228
278,https://bbg.bbgjc.cc/api/v1/client/subscribe?token=5b4d09740029338c95d86d1a55a93932,0
279,https://bbg.bbgjc.cc/api/v1/client/subscribe?token=b74fde0a1b33d04b71b63c699e6ae1a0,0
280,https://bbg.bbgjc.cc/api/v1/client/subscribe?token=fe6e16ac63a5228a3ac47f540ff0f59b,0
281,https://bbgjc.cc/api/v1/client/subscribe?token=bd52599c078786e507b937a1412f4728,0
282,https://bbgjc.cc/api/v1/client/subscribe?token=f92307afae7e199dc73c3025db624ec0,0
283,https://bdsafhh.yiyuanlx.cc/s/01/mp4/subscribe?token=f09ff366d8b31d47327b468bf7e57590,0
284,https://bdsafhh.yiyuanlx.cc/s/01/mp4/subscribe?token=f8677bc36115b84848fcbac82ef6d773,0
285,https://bengalj.com/queue/list?token=d7b7a729b1adec9fd0c46a71d0e4d414,14
286,https://blog.6bohe.com,0
287,https://blog.moxiaoying.top,0
288,https://blog.sywk.com.cn,0
289,https://bmkg.xyz,2061
290,https://bmtzpyesa.rejestracja-cmscode.pl,0
291,https://bpjc.lol/api/bpjclol?token=068e0156746a301e8ad744cc05b3b3f0,0
292,https://bpjc.lol/api/bpjclol?token=a2036c6e0380a346b698f6eeb5bc9998,0
293,https://bpjc.lol/api/bpjclol?token=de40b3dd7bcd041c2a28453c70b261a9,0
294,https://bpjc.lol/api/bpjclol?token=f0c5d0428d5ac67f5cbba017b6cebd39&amp;flag=meta,0
295,https://business.blibli.com.blackhazard.mvsv.us.kg,0
296,https://butppo.473221.xyz/api/v1/client/subscribe?token=4d72e58ad1554af167239236db70a13d,0
297,https://cache.netflix.com.sub.vltr.us.kg,0
298,https://cache.netflix.com.vip.tfstore.biz.id,0
299,https://cache.netflix.com.vvip.inconigtomode.us.kg,0
300,https://cdn.appsflayer.com.vtsbot.masukin.web.id,0
301,https://cdn2.xmrth.one/s/twPVye3NGztX2uIP?clash=2,0
302,https://cf-workers-sub-9s8.pages.dev/CSDN,87
303,https://cf-workers-sub-9s8.pages.dev/CSDN,77
304,https://ch.cukug.website/api/v1/client/subscribe?token=21827ac5d8af4a5e52aa7d68d493ede2,12
305,https://ch.cukug.website/api/v1/client/subscribe?token=3e4ad9ef197db68d199e5d1a4e27eee3,0
306,https://ch.cukug.website/api/v1/client/subscribe?token=54ccdb1613001382aa179b49cc2e01ba,12
307,https://ch.cukug.website/api/v1/client/subscribe?token=901f103ed0b50d511cb5b18852cc1938,12
308,https://ch.cukug.website/api/v1/client/subscribe?token=d96b48a34918ab096906275485b162bb,0
309,https://ch.louwangzhiyu.xyz/api/v1/client/subscribe?token=10ca3f4dcc8996aba5a595556667fa63,12
310,https://ch.owokkvsxks.store/api/v1/client/subscribe?token=14d9b7ad8be7234188ee330d3bb511f7,12
311,https://ch.owokkvsxks.store/api/v1/client/subscribe?token=23a88fa37de083f7d65189ab47c3d289,12
312,https://ch.owokkvsxks.store/api/v1/client/subscribe?token=679b8c493b6009a578cd75a64ea71066,12
313,https://ch.owokkvsxks.store/api/v1/client/subscribe?token=ad180e3b9514176a8cb26bf2962d5f1e,12
314,https://ch.owokkvsxks.store/api/v1/client/subscribe?token=b815a417769dfd4e1983bbeefd8d7f35,12
315,https://ch.vfkum.website/api/v1/client/subscribe?token=9227f541e3d700d7f86386b8c851f299#@Ammar_Taraz,13
316,https://ch.vfkum.website/api/v1/client/subscribe?token=9834caf1701f442add1e75aef6691fbe,12
317,https://ch.vfkum.website/api/v1/client/subscribe?token=9834caf1701f442add1e75aef6691fbe&amp;freeVPNjd,12
318,https://ch.vfkum.website/api/v1/client/subscribe?token=aa36067d0aaafdb50bea5383ea099c72,12
319,https://cherryvpn.net/link/BVojdeBxzJ8Yauiv78912788?sub=2,0
320,https://christian.vivaldi.net,667
321,https://chromego-sub.netlify.app/sub/merged_proxies_new.yaml,6278
322,https://cindra.web.id,655
323,https://clash-verge.com,0
324,https://clash.221207.xyz/pubclashyaml,0
325,https://clash.daishuge.win,0
326,https://clash.phpman.top,1
327,https://clash.xin-yu.cloud,0
328,https://clashe.eu.org/clash/proxies,30
329,https://cloud.gougou.live/s/9616fd29fd1a241fd64ae3e6c1fde305,22
330,https://cloud.jisuba.live/s/4fa46ef21691b494dd25916ef454f50b,16
331,https://cloud.jsfx.tech/api/v1/client/subscribe?token=aeb102112c9d19fdcf3d64934e3aa6a5,0
332,https://cloud.jsfx.tech/api/v1/client/subscribe?token=ccf50f3dda6248039be8e5f8d662f84b,0
333,https://cloudfisher.net/jsk34?token=e73fdfa019c006867062d69e0065d54a,0
334,https://cloudfisher.top/jsk34?token=b7f55ce12c227c39c89f65a1998ab8ba,0
335,https://cloudfisher.top/jsk34?token=b94a2990035fe4a9a414b8330313e6b9,0
336,https://conta.sub-mitce.com/?sid=208085&token=896b4eaaeba6a51910e9,0
337,https://cpdd.one/sub?token=004c8f491fd34b029cd81badf89f8ced,4
338,https://cshjc.xz61.cn/api/v1/client/subscribe?token=360af6e2ac5236eea087763aaa98676a,35
339,https://d2f42a86-2a1f-49b5-bd2f-d2154daa6a09.com/api/v1/client/subscribe?token=9f94bdaabe3a18cbf142101e29f451df,112
340,https://d7b12d59-21aa-9561-087f-89c834ac7fe8.372372.xyz/api/v1/client/subscribe?token=024e356371111d8f84b0d93052868143,25
341,https://d7b12d59-21aa-9561-087f-89c834ac7fe8.372372.xyz/api/v1/client/subscribe?token=4c409288a54caf5d44ab2a537f814bb8,0
342,https://d7b12d59-21aa-9561-087f-89c834ac7fe8.372372.xyz/api/v1/client/subscribe?token=4c409288a54caf5d44ab2a537f814bb8,25
343,https://d7b12d59-21aa-9561-087f-89c834ac7fe8.372372.xyz/api/v1/client/subscribe?token=4c409288a54caf5d44ab2a537f814bb8&amp,0
344,https://d7b12d59-21aa-9561-087f-89c834ac7fe8.372372.xyz/api/v1/client/subscribe?token=5d8d7e20b02946587c9db997b91e3fcc,0
345,https://d7b12d59-21aa-9561-087f-89c834ac7fe8.372372.xyz/api/v1/client/subscribe?token=5d8d7e20b02946587c9db997b91e3fcc,0
346,https://d7b12d59-21aa-9561-087f-89c834ac7fe8.372372.xyz/api/v1/client/subscribe?token=5d8d7e20b02946587c9db997b91e3fcc&amp;amp;amp;flag=shadowrocket,0
347,https://d7b12d59-21aa-9561-087f-89c834ac7fe8.372372.xyz/api/v1/client/subscribe?token=5d8d7e20b02946587c9db997b91e3fcc&amp;amp;amp;flag=shadowrocket,25
348,https://d7b12d59-21aa-9561-087f-89c834ac7fe8.372372.xyz/api/v1/client/subscribe?token=5d8d7e20b02946587c9db997b91e3fcc&amp;amp;flag=shadowrocket,0
349,https://d7b12d59-21aa-9561-087f-89c834ac7fe8.372372.xyz/api/v1/client/subscribe?token=5d8d7e20b02946587c9db997b91e3fcc&amp;amp;flag=shadowrocket,0
350,https://d7b12d59-21aa-9561-087f-89c834ac7fe8.372372.xyz/api/v1/client/subscribe?token=5d8d7e20b02946587c9db997b91e3fcc&amp;flag=shadowrocket,0
351,https://d7b12d59-21aa-9561-087f-89c834ac7fe8.372372.xyz/api/v1/client/subscribe?token=67ad098e7e4f784d5df85120820c6385&amp;amp;flag=meta,25
352,https://d7b12d59-21aa-9561-087f-89c834ac7fe8.372372.xyz/api/v1/client/subscribe?token=67ad098e7e4f784d5df85120820c6385&amp;flag=meta,0
353,https://d7b12d59-21aa-9561-087f-89c834ac7fe8.372372.xyz/api/v1/client/subscribe?token=67ad098e7e4f784d5df85120820c6385&amp;flag=meta,0
354,https://d7b12d59-21aa-9561-087f-89c834ac7fe8.372372.xyz/api/v1/client/subscribe?token=67ad098e7e4f784d5df85120820c6385&amp;flag=meta&amp;freeVPNjd,0
355,https://d7b12d59-21aa-9561-087f-89c834ac7fe8.372372.xyz/api/v1/client/subscribe?token=f32350c82a01b364e0250785ad9897fd,0
356,https://d7b12d59-21aa-9561-087f-89c834ac7fe8.372372.xyz/api/v1/client/subscribe?token=f32350c82a01b364e0250785ad9897fd&amp;flag=meta,0
357,https://df.game.naver.com.vvip.inconigto.us.kg,0
358,https://df.game.naver.com.vvip.inconigtomode.us.kg,0
359,https://dfjc.xyz/api/doufu?token=4caecf32d325b35a1cd2f80f1012fb39,20
360,https://dfjc.xyz/api/doufu?token=5df0b2d1e973fe148a9bf89cb04cb0cf,20
361,https://dj.taipeicity.news/api/v1/client/subscribe?token=6950286ce60a8b17b4dfed97392344e2,0
362,https://douyun.sbs/api/v1/client/subscribe?token=11776a3bbe1d3b75e41d8ebd192fe962,0
363,https://douyun.sbs/api/v1/client/subscribe?token=ed50c56bf1b74e8c6dd40d36826880a1,0
364,https://dy-1.smjcdh.com/api/v1/client/subscribe?token=7d157326d8bd3543cab5a58c4b056ced&amp;types=hysteria2,0
365,https://dy-1.smjcdh.com/api/v1/client/subscribe?token=e60fd2941f6142549885f79916504577,0
366,https://dy.huidu718.com/dingyue?token=2742afbff6fb37c6ba53b6ecee9f6db1,33
367,https://dy.huidu718.com/dingyue?token=87a78ab102c3523ab7d5be2e10724914,33
368,https://dy.naisicloud.xyz/api/v1/client/subscribe?token=334f2d55ae7cbe4e0bdb1234d9c6f241,0
369,https://dy.naisicloud.xyz/api/v1/client/subscribe?token=595fbffde599301c81e579547896c942,0
370,https://dy.naisicloud.xyz/api/v1/client/subscribe?token=a91ba6f9a7523e5e30f6f642459b171b,0
371,https://dy.naisicloud.xyz/api/v1/client/subscribe?token=a9886561385267dca13f0a96c0903fbd&amp;flag=meta,0
372,https://dy.naisicloud.xyz/api/v1/client/subscribe?token=b96039ed4cb7f3a20c96a875101a7419&amp;flag=meta,0
373,https://dy.pmy666.xyz/api/v1/client/subscribe?token=cbe565d328fc2796ae8807c9f0a37611,0
374,https://dy.tsmpi.xyz/api/v1/client/subscribe?token=97042198daf83b95728c6cebca0e2e90,57
375,https://edu.dianping.men/iv/verify_mode.htm?token=daaad892792bcfc3b31a62a66c7ffe88,6
376,https://efxxl.xyz/queue/list?token=9fd6ff40ab57235af21b8481472f59e4,0
377,https://emm-7zy.pages.dev/CSDN,3333
378,https://emm-7zy.pages.dev/CSDN,1111
379,https://epclub.xyz/api/epclub?token=1338bc19d1ea21dbe6b165745cdcdd69#/,14
380,https://epclub.xyz/api/epclub?token=1338bc19d1ea21dbe6b165745cdcdd69,14
381,https://epclub.xyz/api/epclub?token=661b0c35617674155d32245752135d11#/,14
382,https://epclub.xyz/api/epclub?token=661b0c35617674155d32245752135d11,14
383,https://epclub.xyz/api/epclub?token=a4ad607b25573b878ba4141766805d45,14
384,https://epclub.xyz/api/epclub?token=b8877e23d8e96dae30e161f3fad4d39a,14
385,https://epclub.xyz/api/epclub?token=dab0227750891c82953faa26724a3854#/,14
386,https://epclub.xyz/api/epclub?token=dab0227750891c82953faa26724a3854,14
387,https://epclub.xyz/api/epclub?token=f42ab4d5ef84c8eec3f2ffd947021205,14
388,https://fastly.jsdelivr.net/gh/chengaopan/AutoMergePublicNodes@master/list.txt,379
389,https://fba01.fbsubcn01.cc:2096/flydsubal/ptotqkpvctjw33hw?sub=2&extend=1,0
390,https://fbapiv2.fbsublink.com/flydsubal/ptt8dm31ruzp8std?clash=1&extend=1,74
391,https://feiniaoyun11.life/api/v1/client/subscribe?token=dc909193125adf8993a68eaed34b0315,47
392,https://flclash.us.kg,74
393,https://fn1.170809.xyz/api/v1/client/subscribe?token=d0e40e7ce88e354269b14e2c999820c2,47
394,https://forum.tinyserve.com,231
395,https://gates.djjc.cfd/api/v1/client/subscribe?token=db51394a4b090c18a5954bc16cb5bea6,0
396,https://gbtgurl.me/api/v1/client/subscribe?token=bd0f388767d29819fced466ec0a19675,0
397,https://gbtgurl.me/api/v1/client/subscribe?token=bd0f388767d29819fced466ec0a19675&amp;types,0
398,https://getafreenode.com/subscribe/?uuid=5af5e263-f03e-4329-a4c5-9aac626efdc2,0
399,https://getinfo.bigbigwatermelon.com/s?token=46a05a9cca3d964ba59c8549d9259904,0
400,https://gfdlaw9.xiaoliyu.xyz:8443/api/v1/client/2ffe6c21898d497cdbd08492e24d921a,0
401,https://gillwongclash.123499.xyz,0
402,https://gist.githubusercontent.com/175shh/1a7794570801900a07c489f264cfa4cd/raw/c3d3190cc43965a0b92df364a7c90e32680fc2a3/clash.yaml,31
403,https://gist.githubusercontent.com/AGZZY11/4759fd4fa000ec9e0463a80e9120b0d3/raw/b5014d66f77bb98b1139b816682da83469aa4c36/clash.yaml,0
404,https://gist.githubusercontent.com/AGZZY11/b9909600715c43c740d818881b29f5dc/raw/6037ecb60b7ef912e9811d5366fd907ea7189ed3/clash.yaml,98
405,https://gist.githubusercontent.com/AKA-Cigma/c1e5670fcc68645d29e4c84be2706b97/raw/4040c2ff9e34502b17c906143fd77eedb1ae5999/clash.yaml,166
406,https://gist.githubusercontent.com/JasonNF/ceba530469856ae3a957ff2f433a7da6/raw/e777c1742af99fb8a33c9c2551ebbcb4cfed7fdd/jc,106
407,https://gist.githubusercontent.com/JasonSong888/0f6b7a7257b11588a2396ebde87172e7/raw/abac073fec95e28bb5543f08950ed2d8e2993fd0/all.yaml,309
408,https://gist.githubusercontent.com/Lkwang88/e17991efa9a7dcd87a2ce496355b1678/raw/94d0d68fd4a25516f19b5495cc53c8ac1abdb9fe/PIA,38
409,https://gist.githubusercontent.com/amaury1093/14ca7b76ccdeaae4c5e7f0b00d08059b/raw/bb6b78f9c9fbcd34179e75b689a88cf2884c1274/jon-docker-compose.yaml,46
410,https://gist.githubusercontent.com/beck-8/cfdd91729b358903ccc2da0b42524029/raw/8bd0bb61139304ac003b6164ff898e7f912457bb/all.yaml,0
411,https://gist.githubusercontent.com/beck-8/cfdd91729b358903ccc2da0b42524029/raw/fba9e9f124ec14071b065aab806c26f0e1d805f5/all.yaml,0
412,https://gist.githubusercontent.com/czyt/0e55944ee55a1c8429e0089c1bd96289/raw/0b25f35dd0c0703ee119add18d58328c1dc97526/proxies.yaml,91
413,https://gist.githubusercontent.com/fansiphone/ccff3b9d505935afdc55356241a099fb/raw/e308754ad6962370a8e0245724658f55c79bc09a/qb.yaml,101
414,https://gist.githubusercontent.com/helloZOP/203e54eb62e452ac7d718a7c5d6fb00b/raw/3b0cae67c563845452ff8eb3fb96c8604840ed8a/clash.yaml,380
415,https://gist.githubusercontent.com/helloZOP/203e54eb62e452ac7d718a7c5d6fb00b/raw/d45742b545dce02f5cf10eeed3d13243b8a27420/clash.yaml,363
416,https://gist.githubusercontent.com/hytkxp/aac223c721b8fde56c9d710eb8d233f4/raw/7008d9d784f8ff01f98cfa821b6622e00fa070a3/proxies.yaml,0
417,https://gist.githubusercontent.com/molaeiabbas/8d095d0d44f3ca1e18b44ed2023782f1/raw/050bfbe85a513136a81d6630fda40a62dca681b8/sub.json,0
418,https://gist.githubusercontent.com/sithu015/079b4edfa980ed6edbf8cf31a2c86c43/raw/b812aa262217a3c00aa969a0edafae19f2d573b1/anaer,0
419,https://gist.githubusercontent.com/sucan2233/7c426c2d0494ce074d41852e509be155/raw/67f2bc1d35f85a2b085a946c2a44df439005ecc9/clash.yaml,384
420,https://gist.githubusercontent.com/wj6019/91ca3a420ffb98c702e18151685e753b/raw/a3c8b03691eaccaeeb970ceff2380038472a1608/clash.yaml,0
421,https://gist.githubusercontent.com/wu-mx/0c23011b99cd4e84cd3fb1f10fd8a002/raw/d452d9f42a8aafcf46c08d4e5ff7c0bb32a06e5c/Paily_Connect_Insider.yaml,131
422,https://gist.githubusercontent.com/xiaoruibest/7caf90aaeff4d8d46d5c10a7a968a55e/raw/4820c21cb81a7f65dd95a1b9a7fed725bcf3e561/bestsub.yaml,74
423,https://gist.githubusercontent.com/ye4241/1c93c56cd514a757cb8239b52bae3c68/raw/295ddba8e12b2d26c415d26a4184d59e5001862e/clash.yaml,118
424,https://gist.githubusercontent.com/yinqf/9da6c7fe6c8b520c6a142d27bfecd2f6/raw/6ddf1ba8d3b42138a4ebe7558129c1116bbc1729/clash.yaml,27
425,https://gist.zmy666.us.kg,0
426,https://github.com/mahdibland/V2RayAggregator/raw/master/sub/sub_merge_yaml.yml,5898
427,https://github.com/skywrt/NiceVPN/blob/refs%2Fheads%2Fmain/utils%2Fpool%2Foutput.yaml,0
428,https://gitlab.com/colloq168/nodefiltrate/-/raw/main/filtrate?ref_type=heads,188
429,https://goch.diyvcn.cloudns.ch,3119
430,https://gowarp.diyvcn.cloudns.ch,3120
431,https://gpukevzrsc.eastasia.cloudapp.azure.com/search?token=b1316cf47492040934fe3cbd38140c4d,0
432,https://gpukevzrsc.eastasia.cloudapp.azure.com/search?token=b1316cf47492040934fe3cbd38140c4d&amp,0
433,https://guq3tjlp.subxly.cfd:8443/api/v1/client/2c1c6f4d49a84aed9ec36f5f47cb7fe7,0
434,https://gy888.xyz/s/563b099675750b0f8cad3e77c1009d29,22
435,https://gy888.xyz/s/a90df487df7442e67352c9d74f0d20e6,22
436,https://hjcm0.pages.dev/tom123tye321?b64,0
437,https://hjcm1.pages.dev/tom123tye321?b64,61
438,https://hjcm2.pages.dev/tom123tye321?b64,25
439,https://hjcm3.pages.dev/tom123tye321?b64,0
440,https://hktixcloud.pwzvd.cn/api/v1/client/subscribe?token=a7bfa6b1eeca7b59b0275a3c5e7eb7ce,92
441,https://hn1r5k7322.bitmusttw.com/api/v1/client/subscribe?token=b8474f5ce66e433def4bde5e72178896,5
442,https://homerstrojantheater.iath.virginia.edu,196
443,https://hongxingdl.love/hxyunvip?token=79156110324e7f223c6994e9986c30aa,55
444,https://hr.phpcat.ir,2
445,https://hrqiea.subxly.cfd:8443/api/v1/client/03e798cf34ffc623a859e9d24c55c2d3,0
446,https://i-integration-gojekapi.com.vvip.inconigto.us.kg,0
447,https://iBrRN.subxly.cfd:8443/api/v1/client/ebb722159ee310256e954e847a53f51f,0
448,https://id-vpnvip.my.id,2
449,https://inversoressolar.com,744
450,https://investor.fb.com.blackhazard.mvsv.us.kg,0
451,https://ipngc.no-mad-world.club/link/nnaCD6oVR3L5GrBq?shadowrocket=1,0
452,https://iuiu.lovebabyforever.workers.dev/,155
453,https://j.daishuge.org,0
454,https://jb.taipeicity.news/api/v1/client/subscribe?token=70a49b1097251b0948e766b23f71d641,0
455,https://jb.taipeicity.news/api/v1/client/subscribe?token=f44649f0c22e76aabd217ee7eed4f3e8,0
456,https://jc.hsbogk.icu,0
457,https://jd.lovebabyforever.workers.dev/,0
458,https://jgw-mg-pu.cfdns.us.kg,0
459,https://k61kz.no-mad-world.club/link/lZnnLLD3WHfMrM40?clash=3&amp;extend=1,7
460,https://kpox8pzltp8.irss.eu.org,48
461,https://l.db-link01.top/link/1H9b3ZbQHuRbeGUP?clash=1,0
462,https://l.db-link01.top/link/BauoUCZPTZWvzQgK?clash=1,0
463,https://l.db-link01.top/link/mcRDCTAfHQXPjJhu?list=shadowrocket,9
464,https://l.db-link01.top/link/mqQ5gNhWbR2TBtSo?list=shadowrocket,9
465,https://laosijicc.top/lsj/vip/client/subscribe?token=e4e94e7edfb721e3fe642413ca1eb42a,0
466,https://let.bnsubservdom.com/api/v1/client/subscribe?token=910fe708e5910f6384253887e0f405d6,0
467,https://link.onesy.link/link/kMkHYontpUfl7S06?clash=1,2
468,https://link01.fliggylink.xyz/api/v1/client/subscribe?token=fe86cc67f7404c08e5f9d70343329667,54
469,https://link08.shanhai.one/api/v1/client/subscribe?token=8d4c465fd37cb8db170036cf00be9dbc#,2
470,https://link08.shanhai.one/api/v1/client/subscribe?token=8d4c465fd37cb8db170036cf00be9dbc,2
471,https://link1.db-sub.xyz/link/c0m1TKa0rHNSXjP4?list=shadowrocket,9
472,https://linke.phantasy.life/api/v1/client/subscribe?token=46dc6620b8c79c0568a1db3e14e1bbf6&flag=meta,0
473,https://ly.ccwink.cc/api/v1/client/subscribe?token=c2bc3bc950ec1e5d22bc9f45716a28a2,0
474,https://m4y2z.no-mad-world.club/link/NornheyemazUtarM?clash=3,47
475,https://mail.inversoressolar.com,744
476,https://media-cgk1-1.cdn.whatsapp.net.vvip.inconigto.us.kg,0
477,https://mediafairy.us.kg,0
478,https://mhq.us.kg,0
479,https://milfhunter.mvsv.us.kg,0
480,https://mjj.oldzhg.com,0
481,https://mo.mojieurl.com/api/v1/client/subscribe?token=9ad15bbfc9b8dc881009a125f14f22aa,0
482,https://mojie.app/api/v1/client/subscribe?token=0ce896d17bde60480c9e1a8bb540b29e,49
483,https://mojie.app/api/v1/client/subscribe?token=ce77d629eb0bcea28739ffefa5620218,49
484,https://mojie.co/api/v1/client/subscribe?token=21e29de55733e92dbb0b0af9f048b294,49
485,https://mojie.co/api/v1/client/subscribe?token=21e29de55733e92dbb0b0af9f048b294,49
486,https://moxiaoying.top,0
487,https://mst2.xicun.us.kg,0
488,https://msub.fengchiyx.xyz/api/v1/client/subscribe?token=34ff9012ec68f9c521fc559a83146eba,49
489,https://muguayun9527.scyu.live,0
490,https://n063ww4.wxll4.cfd/api/v1/client/subscribe?token=676782dc6736a2f0d89f4f42b7e884e8,38
491,https://need01.keepprofit.top/api/v1/client/subscribe?token=1a1e29e85e4c35cd48329906a6c33595,114
492,https://niaodi.top/niao?token=de22f5169d8cc6d604aed64d045c8a84,6
493,https://nodecat.githubrowcontent.com,0
494,https://npccloud.top/api/v1/client/subscribe?token=9f008a488c2155ad52e1674edb96d749,29
495,https://onlysub.mjurl.com/api/v1/client/subscribe?token=24691c7db62c4214d6e96ff128da0b6f,49
496,https://onlysub.mjurl.com/api/v1/client/subscribe?token=24691c7db62c4214d6e96ff128da0b6f,49
497,https://onlysub.mjurl.com/api/v1/client/subscribe?token=24691c7db62c4214d6e96ff128da0b6f&amp;@Violet_99,49
498,https://onlysub.mjurl.com/api/v1/client/subscribe?token=24691c7db62c4214d6e96ff128da0b6f&amp;@Violet_99,49
499,https://onlysub.mjurl.com/api/v1/client/subscribe?token=24691c7db62c4214d6e96ff128da0b6f&amp;@mrbeemhy,49
500,https://onlysub.mjurl.com/api/v1/client/subscribe?token=24691c7db62c4214d6e96ff128da0b6f&amp;@mrbeemhy,49
501,https://onlysub.mjurl.com/api/v1/client/subscribe?token=6dbf0b92279e3ca9448b883496d8870f,49
502,https://pavo.eu.org/api/v1/client/subscribe?token=f548cee7fef0b06cbed0983c7cd901d2,15
503,https://pool.cfip.nyc.mn,296
504,https://pqjc.site/api/v1/client/subscribe?token=047e5d92fe19c7a01e26b2e4c7ab48ab,0
505,https://prof.222222212.xyz/api/v1/client/subscribe?token=81f7550bca1e4695787ecf5322e24a40#/,56
506,https://prof.222222212.xyz/api/v1/client/subscribe?token=81f7550bca1e4695787ecf5322e24a40,56
507,https://proxy-air.zheyu.one,27
508,https://proxy-mini.zheyu.one,24
509,https://proxy-phone.zheyu.one,485
510,https://proxy.crazygeeky.com/clash/proxies,277
511,https://proxy.zheyu.one,96
512,https://proxypool.link/clash/proxies,369
513,https://proxypool1999.banyunxiaoxi.icu/clash/proxies,0
514,https://pvn4hq.xiaoliyusub.top:8443/api/v1/client/f253d52ef399a8bb2fd67e26d6ba142a,0
515,https://pxypool.131433.xyz/clash/proxies,10
516,https://qq.xlm.plus/api/v1/client/subscribe?token=9e5db95336ab586ac6c4e2306c4d25a9,3
517,https://quiz.int.vidio.com.sub.vltr.us.kg,0
518,https://qxuig4.youxuan.wiki/api/v1/client/subscribe?token=64fd17ef8656b9ad85c496c8fc1b1a65,36
519,https://qxuig4.youxuan.wiki/api/v1/client/subscribe?token=daad59313cb2a7773b305df61a5e554e,36
520,https://r.sywk.com.cn,0
521,https://raw.githubusercontent.com/Alvin9999/pac2/master/clash.meta2/1/config.yaml,0
522,https://raw.githubusercontent.com/Alvin9999/pac2/master/clash.meta2/13/config.yaml,0
523,https://raw.githubusercontent.com/Alvin9999/pac2/master/clash.meta2/15/config.yaml,0
524,https://raw.githubusercontent.com/Alvin9999/pac2/master/clash.meta2/2/config.yaml,0
525,https://raw.githubusercontent.com/Alvin9999/pac2/master/clash.meta2/config.yaml,0
526,https://raw.githubusercontent.com/AzadNetCH/Clash/refs/heads/main/AzadNet_iOS.txt,1262
527,https://raw.githubusercontent.com/Barabama/FreeNodes/master/nodes/blues.txt,539
528,https://raw.githubusercontent.com/Barabama/FreeNodes/master/nodes/merged.txt,327
529,https://raw.githubusercontent.com/Barabama/FreeNodes/master/nodes/yudou66.txt,193
530,https://raw.githubusercontent.com/Barabama/FreeNodes/master/nodes/zyfxs.txt,163
531,https://raw.githubusercontent.com/John19187/v2ray-SSR-Clash-Verge-Shadowrocke/refs/heads/main/README.md,0
532,https://raw.githubusercontent.com/Leon406/SubCrawler/73a739dcf72baec8a55e903ad7d19584a77e6e28/sub/share/a11,377
533,https://raw.githubusercontent.com/Pawdroid/Free-servers/refs/heads/main/README.md,140
534,https://raw.githubusercontent.com/Pawdroid/Free-servers/refs/heads/main/sub,45
535,https://raw.githubusercontent.com/Vauth/node/main/Main,4086
536,https://raw.githubusercontent.com/VpnNetwork01/vpn-net/main/README.md,81
537,https://raw.githubusercontent.com/abshare/abshare.github.io/main/README.md,58
538,https://raw.githubusercontent.com/aiboboxx/clashfree/main/clash.yml,0
539,https://raw.githubusercontent.com/aiboboxx/clashfree/refs/heads/main/clash.yml,0
540,https://raw.githubusercontent.com/aiboboxx/kexueshangwang/main/README.md,183
541,https://raw.githubusercontent.com/aiboboxx/v2rayfree/main/v2,289
542,https://raw.githubusercontent.com/anaer/Sub/main/clash.yaml,772
543,https://raw.githubusercontent.com/bobo196904/bocai/2e1a9f65ecb674742e0cda6a0a3449915ae00973/bocai,0
544,https://raw.githubusercontent.com/caijh/FreeProxiesScraper/main/README.md,161
545,https://raw.githubusercontent.com/chengaopan/AutoMergePublicNodes/master/list.txt,322
546,https://raw.githubusercontent.com/fansiphone/BPB-Worker-Panel/refs/heads/main/suoyou.txt,6378
547,https://raw.githubusercontent.com/go4sharing/sub/main/sub.yaml,74
548,https://raw.githubusercontent.com/harrylisen/aggregator/main/aggregate/data/proxies.yaml,0
549,https://raw.githubusercontent.com/ljsshd/aggregator/main/data/clash.yaml,0
550,https://raw.githubusercontent.com/mahdibland/SSAggregator/master/sub/airport_sub_merge.txt,61
551,https://raw.githubusercontent.com/mahdibland/SSAggregator/master/sub/sub_merge.txt,5743
552,https://raw.githubusercontent.com/mai19950/maomao_sub/refs/heads/main/clash.yaml,517
553,https://raw.githubusercontent.com/mfbpn/tg_mfbpn_sub/main/trial.yaml,117
554,https://raw.githubusercontent.com/mfbpn/tg_mfbpn_sub/refs/heads/main/trial_pp.yaml,0
555,https://raw.githubusercontent.com/mfbpn/tg_mfbpn_sub/refs/heads/main/trials/2.flybar20.cc.yaml,46
556,https://raw.githubusercontent.com/mfuu/v2ray/master/v2ray,499
557,https://raw.githubusercontent.com/mheidari98/.proxy/main/all,0
558,https://raw.githubusercontent.com/mksshare/mksshare.github.io/main/README.md,69
559,https://raw.githubusercontent.com/peasoft/NoMoreWalls/master/list_raw.txt,289
560,https://raw.githubusercontent.com/qjlxg/aggregator/main/data/clash.yaml,585
561,https://raw.githubusercontent.com/ripaojiedian/freenode/main/clash,27
562,https://raw.githubusercontent.com/ripaojiedian/freenode/main/sub,27
563,https://raw.githubusercontent.com/ronghuaxueleng/get_v2/main/pub/combine.yaml,0
564,https://raw.githubusercontent.com/rzhy1/11/master/sub/sub_merge_base64.txt,1043
565,https://raw.githubusercontent.com/skywrt/Preferred-service/refs/heads/master/list.txt,2936
566,https://raw.githubusercontent.com/skywrt/v2ray-Collector/master/clash.yaml,0
567,https://raw.githubusercontent.com/skywrt/v2ray-Collector/master/v2ray,618
568,https://raw.githubusercontent.com/snakem982/proxypool/main/source/v2ray-2.txt,166
569,https://raw.githubusercontent.com/snakem982/proxypool/main/source/v2ray.txt,278
570,https://raw.githubusercontent.com/soroushmirzaei/telegram-configs-collector/main/protocols/shadowsocks,604
571,https://raw.githubusercontent.com/soroushmirzaei/telegram-configs-collector/main/protocols/trojan,1092
572,https://raw.githubusercontent.com/soroushmirzaei/telegram-configs-collector/main/protocols/vmess,93
573,https://raw.githubusercontent.com/thuhollow2/myconfig/main/config.yaml,45945
574,https://raw.githubusercontent.com/vxiaov/free_proxies/main/clash/clash.provider.yaml,45
575,https://raw.githubusercontent.com/wangyingbo/v2rayse_sub/80c236985d2cc3a849cbbe6f83d713e7209faca6/wzdnzd_aggregator_sub/merged.txt,261
576,https://raw.githubusercontent.com/xiaomayi0804/ding/refs/heads/main/vip-jd,25
577,https://raw.githubusercontent.com/xiaomayi0804/ding/refs/heads/main/vip-jd1,0
578,https://record.piao.news/api/v1/client/subscribe?token=cb3c45324894561b69c4a9bc33fe3ac9,0
579,https://rgergergergerg6555.saojc.xyz/api/v1/client/subscribe?token=750810736ea0883ffd61f1b1c416b885,48
580,https://rgergergergerg6555.saojc.xyz/api/v1/client/subscribe?token=750810736ea0883ffd61f1b1c416b885,48
581,https://rgergergergerg6555.saojc.xyz/api/v1/client/subscribe?token=8bfe44de3e472e85895e8a57e265b7f0,48
582,https://rss.rss-node.com/link/cp9ozZSWWe5aOJkY?mu=1,6
583,https://rsslinghun1.xyz/api/v1/client/subscribe?token=2dbf0a51e5306963cd207387c5bd7298,0
584,https://rxxqa.no-mad-world.club/link/j7an2TTYPEdL9qGO?clash=3&amp;extend=1,7
585,https://s.33y.run/v3/subscr?id=0ba4a24015864a54929c26389c8a4111,27
586,https://s.33y.run/v3/subscr?id=59aefa2d968a472bbbe0905bb3ae492e,27
587,https://s1.bnsubservdom.com/api/v1/client/subscribe?token=c03752033d7f2b0ba9f1e8ef0b174307,41
588,https://s1.bnsubservdom.com/api/v1/client/subscribe?token=ddb812c71b22cf41f0588e0cc487c077,41
589,https://sakuracat1203.xn--3iq226gfdb94q.com/api/v1/client/subscribe?token=1356f5110c60f1e8823a0962af290c72,40
590,https://sakuracat1203.xn--3iq226gfdb94q.com/api/v1/client/subscribe?token=419b2712c5ff93b0e8f3f280e5ca9d70,112
591,https://sakuracat1203.xn--3iq226gfdb94q.com/api/v1/client/subscribe?token=b5c8c84bd89ed59a284ed10cb8814436,113
592,https://sakuracat1203.xn--3iq226gfdb94q.com/api/v1/client/subscribe?token=b5c8c84bd89ed59a284ed10cb8814436&amp;@o00oxooo,113
593,https://sakuracat1203.xn--3iq226gfdb94q.com/api/v1/client/subscribe?token=d14d8550cc425bdf8e44e2a6c9951759,40
594,https://scdy01.bmr5j1.net,0
595,https://sea-5l8.pages.dev/CSDN,1167
596,https://sentry-uit.line-apps.com.vvip.inconigto.us.kg,0
597,https://sentry-uit.line-apps.com.vvip.inconigtomode.us.kg,0
598,https://server.fylink.link/api/public/sub/0d18e43cbd27444a82b67b9b49b973f0/FYLink,10
599,https://server.fylink.link/api/public/sub/8fa7c0881462480d909e6a1875e039e7/FYLink,10
600,https://server.fylink.link/api/public/sub/a40205edd0454a9090e0276f09b36009,10
601,https://server.fylink.link/api/public/sub/a40205edd0454a9090e0276f09b36009/FYLink,10
602,https://server.fylink.link/api/public/sub/b50f8491769c4c7582115d402b844660/FYLink,10
603,https://server.fylink.link/api/public/sub/b5d084e828f44f8b8518112cb19939e8/FYLink,10
604,https://shz.al/aNpJ,89
605,https://slink.ltd/https://raw.githubusercontent.com/mheidari98/.proxy/main/all,0
606,https://sos.cmliussss.net,0
607,https://spaceport.wsm.ink,0
608,https://ss.81dlg.com/dy/ss?token=eca8bdaa53971b4ae0ede49cde56a332,72
609,https://ss.xjp4.io,0
610,https://sub-jam.cfd/api/v1/client/subscribe?token=8e4e8f33add06f7b03408fb0ae4a5a2a,0
611,https://sub.372372.xyz/api/v1/client/subscribe?token=024e356371111d8f84b0d93052868143,25
612,https://sub.372372.xyz/api/v1/client/subscribe?token=87fd1239fa2282b2a01661ba42e28a87,25
613,https://sub.bxy.org.uk/api/v1/client/subscribe?token=e57e0cae5405ee66d3eb9059a4e7e13a,36
614,https://sub.bxy.org.uk/api/v1/client/subscribe?token=e57e0cae5405ee66d3eb9059a4e7e13a,36
615,https://sub.bxy.org.uk/api/v1/client/subscribe?token=e57e0cae5405ee66d3eb9059a4e7e13a&amp,36
616,https://sub.bxy.org.uk/api/v1/client/subscribe?token=e57e0cae5405ee66d3eb9059a4e7e13a&amp,36
617,https://sub.cokecloud.world/api/v1/client/subscribe?token=7f3929bf59f27b8a72a56f79c2696489,45
618,https://sub.cokecloud.world/api/v1/client/subscribe?token=7f3929bf59f27b8a72a56f79c2696489,45
619,https://sub.coo.ga/api/v1/client/subscribe?token=06f47c6f5407fb501a5719bd8f2173e8,50
620,https://sub.coo.ga/api/v1/client/subscribe?token=0ef4a095e564951d8df45d71f53fba99,50
621,https://sub.coo.ga/api/v1/client/subscribe?token=7d5d2115fe3b48b617f3cea86e0adf44,50
622,https://sub.czrk168.top/api/v1/client/subscribe?token=135c202776a837a637ec1e03fe0d8102,14
623,https://sub.derrick.us.kg,0
624,https://sub.gougou.live/s/091bbd6b56c4bbe6f7fbf71758508db9,15
625,https://sub.krsd.xyz/link/4LmGherEfnJS2hMg?clash=1,0
626,https://sub.miaolianyun.vip/mly_sub?token=17798f36a432a1ccaeb6ea0744cfd10b,83
627,https://sub.miaolianyun.vip/mly_sub?token=ddbf2b93e2f87f871aba3c0c33e5a63f,83
628,https://sub.miaolianyun.vip/mly_sub?token=ddbf2b93e2f87f871aba3c0c33e5a63f,83
629,https://sub.mogufan.com/s/224878231a8a55e73d7e1bacef80129d,23
630,https://sub.nexc.cc/api/v1/client/subscribe?token=6653dae74bb2813201976ce8561b37c8,6
631,https://sub.nexc.cc/api/v1/client/subscribe?token=8ed3fe4c475e3f339dbf760ae72667df,6
632,https://sub.nfsn666.eu.org/nfsn666,370
633,https://sub.pumcloud.net/s/6903a8a910775a61d8d775b9ffceb6d3,15
634,https://sub.pumcloud.net/s/796a006f311fc55d14147aecd1ea68a4,15
635,https://sub.pumcloud.net/s/80838e262b340b9d55730546515ffc2e,15
636,https://sub.pumcloud.net/s/8a2959a7c4e1f18fce9df2682053f48c,15
637,https://sub.pumcloud.net/s/9a7cf3a2ecd704e7024e69f66def0ca2,15
638,https://sub.pumcloud.net/s/c1a343c2fb739e678946fa34cabb07e2,15
639,https://sub.sanfen018.xyz/api/v1/client/subscribe?token=345e0fd313f9ef93b0ff8476fe54b4cd&amp;flag=clash,0
640,https://sub.ss5.xyz,0
641,https://sub.vltr.us.kg,0
642,https://sub.vvcloud.us.kg/s/1a662222e5e2543dc0362c77186715ca,0
643,https://sub.xiaomf.store/link/LLWmOb0Dz6klyVIi?clash=1,24
644,https://sub.xinyo.vip/api/v1/client/subscribe?token=191ff749aef5fc340847cb7b846e8be1,4
645,https://sub.xinyo.vip/api/v1/client/subscribe?token=3378f3d5f9ab4d07d898ecb9132546a7,4
646,https://sub.xinyo.vip/api/v1/client/subscribe?token=afab256888ae6487f2287d22b21cb779,4
647,https://sub.xn--4gq62ffxz.net/s/42ffbe6e75edf1c374aae87c47d2322c,0
648,https://sub.xn--4gq62ffxz.net/s/719748d61dbf8ec8bf12a9d5cc251464,288
649,https://sub.xn--4gq62ffxz.net/s/794e547302fa24c10f7fb8e4d7279e3f,288
650,https://sub.xn--4gq62ffxz.net/s/a0428716cca905f1aae2c4f39048b664,288
651,https://sub.xn--4gq62ffxz.net/s/d096734366c50564b723b1bc3b974c5e,288
652,https://sub.xn--4gq62ffxz.net/s/ea14b749da080ef35ac880bf2e6abf04,288
653,https://sub.xn--4gq62ffxz.net/s/f150474dc3cd7bb3e77d2cd76db500b1,288
654,https://sub.xn--4gqp1u.com/s/21379719f58372ef50da29b49f3e3e24,288
655,https://sub.xn--4gqp1u.com/s/21a12ec58a999cec37efcaf2195c9bd4,288
656,https://sub.xn--9kqu5y58a.com/s/198e5e21281208e3223063288e718310,0
657,https://sub.xn--9kqu5y58a.com/s/2023614a0714b6d5efe23eae4a99fc8c,0
658,https://sub.xn--9kqu5y58a.com/s/3d159054b84b6fa9d5a21eb68c92ea5a,0
659,https://sub.xn--9kqu5y58a.com/s/86e4fb0aaa9586eeaf134f6fa19ca5fb,0
660,https://sub.xn--9kqu5y58a.com/s/94744ad176e8a79ffad81f365d6f0b6e,0
661,https://sub.xn--9kqu5y58a.com/s/9e204fe56e2aa0f9c5798fb592eb3b47,0
662,https://sub.xn--ehq892bqzy.us.kg/sub/clash-meta?url=vless%3A%2F%2Fa917a522-3284-4230-bfe7-20e200c63671%4045.78.52.81%3A13612%3FheaderType%3Dnone%26type%3Dtcp%26encryption%3Dnone%26fp%3Dios%26fp%3Dios%26pbk%3D05834N9pSsDgKyk9vO_bbaQqsbUU_KW8PUgxidX_VzE%26flow%3Dxtls-rprx-vision%26security%3Dreality%26sni%3Dwww.tesla.com%23233boy-reality-tesla&remote_config=https%3A%2F%2Fraw.githubusercontent.com%2FACL4SSR%2FACL4SSR%2Fmaster%2FClash%2Fconfig%2FACL4SSR_Online.ini&udp=true&show_host=false&forced_ws0rtt=false,0
663,https://sub.xn--ehq892bqzy.us.kg/sub/clash-meta?url=vless%3A%2F%2Fe1a7bbab-b99c-4946-a377-e2f82f270990%40vless.laozhangde.cfd%3A443%3Fhost%3Dvless.laozhangde.cfd%26path%3D%252F%253Fed%253D2048%26type%3Dws%26encryption%3Dnone%26security%3Dtls%26alpn%3Ddefault%26sni%3Dvless.laozhangde.cfd%23vless.laozhangde.cfd&remote_config=https%3A%2F%2Fraw.githubusercontent.com%2FACL4SSR%2FACL4SSR%2Fmaster%2FClash%2Fconfig%2FACL4SSR_Online.ini&udp=true&show_host=false&forced_ws0rtt=false,0
664,https://sub.xn--ehq892bqzy.us.kg/sub/clash-meta?url=vmess%3A%2F%2FeyJ2IjoiMiIsInBzIjoiMjMzYm95LXdzLWxhb3poYW5nZGUub25lIiwiYWRkIjoibGFvemhhbmdkZS5vbmUiLCJwb3J0IjoiMTM2MTIiLCJpZCI6ImI2MTk2YjQyLWYwMGUtNDFlYy05ZGQxLWM5MjQ3Njk2MWU0OSIsImhvc3QiOiJsYW96aGFuZ2RlLm9uZSIsInBhdGgiOiIvYjYxOTZiNDItZjAwZS00MWVjLTlkZDEtYzkyNDc2OTYxZTQ5IiwibmV0Ijoid3MiLCJzZWN1cml0eSI6ImF1dG8iLCJ0bHMiOiJ0bHMiLCJzbmkiOiJsYW96aGFuZ2RlLm9uZSJ9&remote_config=https%3A%2F%2Fraw.githubusercontent.com%2FACL4SSR%2FACL4SSR%2Fmaster%2FClash%2Fconfig%2FACL4SSR_Online.ini&udp=true&show_host=false&forced_ws0rtt=false,0
665,https://sub.xn--ioru3fc2t1hb.com/s/0068fd481958b77ec9639435bbb8dd8d,0
666,https://sub.xn--ioru3fc2t1hb.com/s/2e06a9889844b5fd1c5ca3c9e56daafc,0
667,https://sub.xn--ioru3fc2t1hb.com/s/8c3e1cdee3af117312d13d076568ccfb,0
668,https://sub.xn--ioru3fc2t1hb.com/s/99f36fce298ce8b4cff80263a64abc5c,0
669,https://sub.xn--ioru3fc2t1hb.com/s/a1338a23e248ee43ee4a2373667c91db,0
670,https://sub.xn--mes91t7ofgnw.com/s/5991f2b46dbcbe2674dbaf02cfb8d658,44
671,https://sub.xn--mes91t7ofgnw.com/s/65b940f380bf45643b663ff7b44fb924,44
672,https://sub123.71345.xyz/api/v1/client/subscribe?token=67d0e817bbb631b2aa14bfe031334415,34
673,https://sub123.71345.xyz/api/v1/client/subscribe?token=67d0e817bbb631b2aa14bfe031334415&amp;amp;flag=meta,34
674,https://subapi.fxxk.dedyn.io/sub?&url=%20https%3A%2F%2Fanaer.github.io%2FSub%2Fclash.yaml&target=mixed&config=https%3A%2F%2Fraw.githubusercontent.com%2Fcmliu%2FACL4SSR%2Fmain%2FClash%2Fconfig%2FACL4SSR_Online_Full_MultiMode.ini&emoji=true&append_type=true&append_info=true&scv=false&udp=false&list=false&sort=false&fdn=false&insert=false,286
675,https://submit.xz61.cn:22443/api/v1/client/subscribe?token=41d5e1507383978dadd9dfb3fbb5a489,46
676,https://submit.xz61.cn:22443/api/v1/client/subscribe?token=48de2dcb151b867cd38741383e1eae5b,46
677,https://submit.xz61.cn:22443/api/v1/client/subscribe?token=7b81fc20eb5cbefa43233363bc041ab4,46
678,https://submit.xz61.cn:22443/api/v1/client/subscribe?token=9caa848335ec47ad3994c6a2dd0c1d65,46
679,https://submit.xz61.cn:23443/api/v1/client/subscribe?token=699d0f09dd72b2c71c276558beb349ee,0
680,https://submit.xz61.cn:23443/api/v1/client/subscribe?token=aa997fc3d60f190eb00e4ed89528ca3a,26
681,https://subneko.v1999.sbs/study/xuexi/v999/hneko?token=9289c2b55388152d2b12bcb0f5ceefd3,0
682,https://subs.ouoboom.xyz/api/v1/client/subscribe?token=92ad3b1b4e2a0bf8f8d120d28a97254d,0
683,https://subs.pithecia.com/api/v1/client/subscribe?token=573089f9130927f99a86801f3ba6184f,14
684,https://subscribe.famint.net/api/v1/client/subscribe?token=47f216c5ec7a8f4da47e6311c71eb687,0
685,https://subscribe.famint.net/api/v1/client/subscribe?token=eae4cd63060aa493bc7e22adab118bee,0
686,https://subscribe.fastsocks.xyz/api/v1/client/subscribe?token=26b128a9cdb484eea6d39be0d81edb16&amp;amp;flag=meta,5
687,https://subscribe.fastsocks.xyz/api/v1/client/subscribe?token=757f549ca5f13a0c396902b4061798ae,5
688,https://subscribe.fastsocks.xyz/api/v1/client/subscribe?token=9f0fb26b13d8f4f3063fcf8c46734523,5
689,https://subscribe.fastsocks.xyz/api/v1/client/subscribe?token=d6681ca8e218af8f2ae0699e542e419c#Fastsoks,5
690,https://subscribe.fastsocks.xyz/api/v1/client/subscribe?token=f97e106e0ffd3eddb203e1fd21acfb7b,5
691,https://subscribe.xxmad.com/api/v1/client/subscribe?token=5a31e90bf806b5f4037bc1cc7f001a41,0
692,https://subscription-gov.lianjiasub.work/api/v1/client/subscribe?token=6600a4a018cd998708050d4d81c49954,0
693,https://subscription-gov.lianjiasub.work/api/v1/client/subscribe?token=e4cc5b5cdd16153cbabab52429dd43d6,24
694,https://substore.zszweb.pp.ua/2cXaAxRGfddmGz2yx1wA/download/Xboard,10
695,https://substore.zszweb.pp.ua/2cXaAxRGfddmGz2yx1wA/download/gitlab,20
696,https://super.jack991.filegear-sg.me,154
697,https://super.jack991.filegear-sg.me/,154
698,https://support.zoom.us.blackhazard.mvsv.us.kg,0
699,https://support.zoom.us.sub.vltr.us.kg,0
700,https://support.zoom.us.vvip.inconigtomode.us.kg,0
701,https://supz1.6128888.xyz/api/v1/client/subscribe?token=31f3b6a059e2a3894971150b34163ff5,13
702,https://supz1.6128888.xyz/api/v1/client/subscribe?token=887c9f01e68146618e70657e8ec2b6ee,13
703,https://szdol.com/search/userid?token=12997f5f3f6131884dce24eaaf91b1bc,0
704,https://szdol.com/search/userid?token=281c3ac3a74afadab6b0829ee73b7c5b,0
705,https://szdol.com/search/userid?token=2ad1da4c31761bc7d3ae2b356644d239,0
706,https://szdol.com/search/userid?token=3c606fe9f5d7bd18938f6ca1acec8d4a,0
707,https://szdol.com/search/userid?token=450266890db3439dd462884be394518c,0
708,https://szdol.com/search/userid?token=4d66da2b0beafdac4254a2d64b31f54a,0
709,https://szdol.com/search/userid?token=4f362ce1afa064cdf5435035737c68d1,0
710,https://szdol.com/search/userid?token=5388b552ff4dc3773e764889492c93d0,0
711,https://szdol.com/search/userid?token=676a95997ca1f42aff235e9556e21206,0
712,https://szdol.com/search/userid?token=6fb57d016a90ba7b099f1c78daa30787,0
713,https://szdol.com/search/userid?token=972ae62c3d392d6ecf0543533cdfea96,0
714,https://szdol.com/search/userid?token=9a152701784f3f2c8f273cda26c4ad88,0
715,https://szdol.com/search/userid?token=a12ba9e257f12f4beb894c02a2d0c923,0
716,https://szdol.com/search/userid?token=a2ea1621387c94884f5844975970cd6b,0
717,https://szdol.com/search/userid?token=a59ef0915977b249779b5abc12fe3981,0
718,https://szdol.com/search/userid?token=a7a65a42d7af05b91b93a80883ee51f0,0
719,https://szdol.com/search/userid?token=c19f0abeb014f607a447c0a687f1ecf5,0
720,https://szdol.com/search/userid?token=d040485664c39ab8a9cc72d2892058c7,0
721,https://szdol.com/search/userid?token=d3a6a8f102efe2e9bf0106c6a1814561,0
722,https://szdol.com/search/userid?token=d62dfae5c71a73c314cd1bddfdf2243d,0
723,https://szdol.com/search/userid?token=dbd4af97b1d170cda60bc5a11bc80357,0
724,https://szdol.com/search/userid?token=e683bb0f888db6eb926f23d73bf6a452,0
725,https://szdol.com/search/userid?token=f6d01d982689ecde027ce21837ecc85b,0
726,https://tcxf.hssl8088.icu/api/v1/client/subscribe?token=0a422232b90558c94bf8b27d82e38cdf,0
727,https://top.phpcat.ir,2
728,https://travelferry.ten06.gr,0
729,https://trojans.securitystronghold.com,202
730,https://ts.xship.top/v1/subscribe?starlink=mSIusSz2Ku3YUWxB85cQa,80
731,https://tsg-dhy.pages.dev,1
732,https://tz.vfkum.website/api/v1/client/subscribe?token=495b8f8540a275a58abc64f93ea737f0,13
733,https://u1s2a-sub-sg.nfjbill.us.kg,0
734,https://update.glados-config.com/clash/375238/4274066/185966/glados.yaml,1
735,https://update.glados-config.com/clash/453205/fa870f5/25488/glados.yaml,1
736,https://update.glados-config.com/clash/478427/f88d37b/72376/glados.yaml,1
737,https://update.glados-config.com/clash/480516/eb8dba4/90669/glados.yaml,1
738,https://update.glados-config.com/mihomo/512865/4795a01/72938/glados.yaml,1
739,https://update.glados-config.com/mihomo/543454/7b9d17e/80064/glados.yaml,1
740,https://update.glados-config.com/mihomo/543454/7b9d17e/80064/glados.yaml,1
741,https://upm8kfu.nicecloud.win:8443/api/v1/client/94f3e7ac7da08180825a80a9ec3ea849,4
742,https://uts-front.line-apps.com.vvip.inconigto.us.kg,0
743,https://v2.ixlmo.net/api/v1/client/subscribe?token=a3ba43988819d35b9a11f801050be074,0
744,https://vip.tfstore.biz.id,0
745,https://vipren.biz.id,1780
746,https://vot.278986.xyz/api/v1/client/subscribe?token=a4d2c261eb6f52d43201347b43f7535c,0
747,https://vot.689861.xyz/api/v1/client/subscribe?token=a4d2c261eb6f52d43201347b43f7535c,0
748,https://vpn.28.al/s/4920d17bc5f6cda30a465d597cbd1d21,7
749,https://vpn.mhmmddnl.my.id,0
750,https://vtsbot.masukin.web.id,0
751,https://vvip.inconigto.us.kg,0
752,https://wanmeiwl1.xyz/s/6c893e6e5c1ba9c0da763e91f466c32f,22
753,https://wanmeiwl4.xyz/s/4beffddcec37b72fb688a21b7c9da54b,22
754,https://warpip.irss.eu.org,15
755,https://warpym.irss.eu.org,15
756,https://waslani-indramayu.my.id,0
757,https://webget.yfjc.xyz/api/v1/client/subscribe?token=d0a48db37e46bac7257e91c842424acb,0
758,https://webhook.ss5.xyz,0
759,https://webhook.taoqu88.com,0
760,https://within.sephirah.icu/api/v1/client/subscribe?token=70f060f917f49a5f1278ce79a2a119ab,0
761,https://wj-kc.com/api/subscript/clash/678ac102af4d30ab037fcce5/c808f978-856d-49fe-8fd8-8e4a21793956,1
762,https://wub.zongyunti.site/api/v1/client/subscribe?token=d6fa4e49f9d115926ac97f45e96c572d,16
763,https://www.066664.xyz/api/v1/client/subscribe?token=5ec34216e7bbd89ef9cbe2741ebe3f7d&amp;amp;flag=clash,34
764,https://www.998877.best/api/v1/client/subscribe?token=2322d7076032d3e9a3b36c3b6dec0c00,0
765,https://www.antlink.cc/api/v1/client/subscribe?token=cef0a82eedec7c8db2bb2d59f0e69109,0
766,https://www.ccsub.org/link/CYjcarYeQeLoNYny?clash=1,0
767,https://www.ccsub.org/link/psKMg3RzcKphYYMO?clash=1,252
768,https://www.ccsub.org/link/psKMg3RzcKphYYMO?clash=1,252
769,https://www.ckckssl.top/api/v1/client/subscribe?token=cdc96d354d96b6e6e2670c7611611bdf#/,5
770,https://www.ckckssl.top/api/v1/client/subscribe?token=cdc96d354d96b6e6e2670c7611611bdf,5
771,https://www.cross666.top:9423/s/058251f5935e73aaed23712afb3b9c17,26
772,https://www.crosswall.org/api/v1/client/subscribe?token=15c93fac71b86d1a67dcdb417964dafb,0
773,https://www.crosswall.org/api/v1/client/subscribe?token=63b067903b58eb7b35d5e7336ba0c634,0
774,https://www.crosswall.org/api/v1/client/subscribe?token=d7ef9ee567a9c0a4bc557e3cf4a8794c,0
775,https://www.dabai.in/link/CBD3dq3z8U1eSIwD?list=shadowrocket,9
776,https://www.dabai.in/link/jRSokf0z9AzhKk53?clash=1,0
777,https://www.dabai.in/link/qrWBdYEZPKr61KkM?list=shadowrocket,9
778,https://www.flyintpro05.com/api/v1/client/subscribe?token=62be89e4bc828cdfd0c62bfb44746312,53
779,https://www.flyintpro05.com/api/v1/client/subscribe?token=62be89e4bc828cdfd0c62bfb44746312&amp,53
780,https://www.flyintpro05.com/api/v1/client/subscribe?token=62be89e4bc828cdfd0c62bfb44746312&amp;@wikigo1,53
781,https://www.flyintpro05.com/api/v1/client/subscribe?token=62be89e4bc828cdfd0c62bfb44746312&amp;kokngse,53
782,https://www.inversoressolar.com,744
783,https://www.kuaidog010.top/api/v1/client/subscribe?token=86aa6723977847b2be544b5f26fdd611,0
784,https://www.lavoixdesrroms.org,612
785,https://www.louwangzhiyu.xyz/api/v1/client/subscribe?token=8d4b6141011de1d68e5aad95d6a61329,12
786,https://www.moxiaoying.top,0
787,https://www.paofusub2.com/link/Z9og5CHMQrks3LOQ?clash=1,30
788,https://www.supercharge.com.au,3418
789,https://www.tiziwrops.com/api/v1/client/subscribe?token=8fa788726eb4b5323e2d19297d5147e1,14
790,https://www.travelferry.com,156
791,https://www.v6ole.top,0
792,https://www.xn--gmq09hwyu.fun/api/v1/client/subscribe?token=2134027dbf9c87477b31023025d6fac1,0
793,https://www.xrayvip.com/free.txt,30
794,https://www.yiyuanjichang.net/api/v1/client/subscribe?token=219855b5014c684ccd91cc00aa379d62,0
795,https://xboard.sswiwi.com/api/v1/client/subscribe?token=68337ef392c9feb5a8eca1e4d3398a0c,0
796,https://xf88j.no-mad-world.club/link/HtJ7xKqcaniqXvgV?clash=3,7
797,https://xingcloud.pwzvd.cn/api/v1/client/subscribe?token=7499fc5dcf64ecf7359a4005caba41e9,76
798,https://xn--4oq11ryli3rg.com/s/0194825bc83336ecd1971875905019df,292
799,https://xn--4oq11ryli3rg.com/s/121f8bd2c8a2ad03d96f1efb39780f26,292
800,https://xn--4oq11ryli3rg.com/s/1bc7228f5bc3b955260c2879bb80b509,292
801,https://xn--4oq11ryli3rg.com/s/26ad946d20f630ddf84a75629a436f1d,292
802,https://xn--4oq11ryli3rg.com/s/799f692ebef19a04a0b3f777637929a2,292
803,https://xn--4oq11ryli3rg.com/s/f9d23b16e23c2c2bca433d51929f20b8,292
804,https://xn--9kqx21a0sv.com/api/bpyun?token=eccb1a7a42a90614b30fea6acead5381,18
805,https://xn--ehq91fquq.com/s/572e46885951e0e10e841e058af1fe6e,0
806,https://xn--mest48anb1j.com/s/60985c04398732b493f824589276228b,0
807,https://xn--mest48anb1j.com/s/6d8736dafd846c2569c9ce704652046a,0
808,https://xn--mest48anb1j.com/s/6d8840b6f1f15ad21090547d27d8c000,0
809,https://xn--mest48anb1j.com/s/72a52199ea5688436d2fd152ddcc6caf,0
810,https://xn--mesz9ptugxg.com/api/v1/client/subscribe?token=dcb2eb6379a152bbe397572220e8e4a8,11
811,https://xn--mesz9ptugxg.com/api/v1/client/subscribe?token=dcb2eb6379a152bbe397572220e8e4a8&amp;flag=meta&amp;types=all,11
812,https://xqsub.e54.site/api/v1/client/subscribe?token=0f535ce035f582453bf47bfd027b0243,29
813,https://xqsub.e54.site/api/v1/client/subscribe?token=13f94a3c83abb2a248e46dd37621f9de,29
814,https://xqsub.e54.site/api/v1/client/subscribe?token=144b17a92ca77c9bc3c55e173d33c41a,29
815,https://xqsub.e54.site/api/v1/client/subscribe?token=27b0079c3c0c3f06630c42074a62be19,29
816,https://xqsub.e54.site/api/v1/client/subscribe?token=519170be32226978a75ebc9ec38813dd,29
817,https://xqsub.e54.site/api/v1/client/subscribe?token=78406b68ace9653c493709dafde1634c,29
818,https://xqsub.e54.site/api/v1/client/subscribe?token=a324065263835ed0a596d96872c3886f,29
819,https://xqsub.e54.site/api/v1/client/subscribe?token=b9669d7ce0265a9be4265ae5a9d22d57,29
820,https://xqsub.e54.site/api/v1/client/subscribe?token=c0d689384b0f7f0362940e126b7a4a63#/0,29
821,https://xqsub.e54.site/api/v1/client/subscribe?token=c0d689384b0f7f0362940e126b7a4a63,29
822,https://xqsub.e54.site/api/v1/client/subscribe?token=c995b9ab2b53f2f49b80bb1273472b93,29
823,https://xqsub.e54.site/api/v1/client/subscribe?token=da00f231fd8bc87eb330e2e00ec53170,29
824,https://xqsub.e54.site/api/v1/client/subscribe?token=df46d6a227769469523c2eb2c8d5b5ee,29
825,https://xqsub.e54.site/api/v1/client/subscribe?token=df86b7f78767c9dbc46e447d74d60097,29
826,https://xqsub.e54.site/api/v1/client/subscribe?token=f6f20d728dc4dc7307572fee8116b08d,29
827,https://xquig3.youxuan.wiki/api/v1/client/subscribe?token=0de786c24d7759109b7e55670c25f06b,0
828,https://xquig3.youxuan.wiki/api/v1/client/subscribe?token=0de786c24d7759109b7e55670c25f06b&amp,0
829,https://xship.top/v1/subscribe?starlink=7ORxT1G66ZWe_yvuuVs_GPZB,81
830,https://xship.top/v1/subscribe?starlink=LCXzMd9rngX_38o4mcgwZ6SF,80
831,https://xship.top/v1/subscribe?starlink=ZIXQa-7pg0vPahuyi8bABhob,81
832,https://xship.top/v1/subscribe?starlink=drpkx0fKv4I9AF4j2i2MH2Op,80
833,https://xsus.wiki/api/v1/client/subscribe?token=d0bd22a534e76a5eb6aca4f3e60b5af5&amp;flag=clash,0
834,https://yaml.xicun.us.kg,0
835,https://yangshuomao.xjp4.io,0
836,https://yjy.lol/api/v1/client/subscribe?token=6d7ae8d93e2a2e60d66dbcbe0a4dc6fb,34
837,https://youtiao66clash.123499.xyz,0
838,https://youxiu5172.xiaofeixia.cfd/api/v1/client/subscribe?token=64e26e0efc0e3e17340e9b510f7fa2e2,0
839,https://youxiu7540.xiaofeixia.click/api/v1/client/subscribe?token=7bca42b442b158dbc47db249d25651b7,0
840,https://youxiu8168.xiaofeixia.info/api/v1/client/subscribe?token=7bca42b442b158dbc47db249d25651b7,0
841,https://youxiu88.xiaofeixia.click/api/v1/client/subscribe?token=de4256c4d7c4b0368240a2a772f6909e,0
842,https://youxiu9571.xiaofeixia.click/api/v1/client/subscribe?token=cb1c0d7600aa0260ab5e526992563ce4,0
843,https://yt.xn--49sq15btnijvp.xn--fiqs8s/yt?token=57c7a9bc5ad57d5a38e2c9145f4d07a4,2
844,https://yuxi.fanqiev2.work/link/WZiTiXIEk5BO5944?sub=1,3
845,https://ywl.201593.xyz/s/44d8b94f3591df9e4376ceb5c5cca080,17
846,https://ywl.201593.xyz/s/8a8fde67d7657964d22fd9e661c9d7d5,17
847,https://ywl.201593.xyz/s/932ef94591c7e742a6c56cfa4f027351,17
848,https://ywl.201593.xyz/s/d866c2331afde8d0c32e9e121168534a,17
849,https://yyds.emovpn.top/api/v1/client/subscribe?token=e3564accfb797578dc8251fc07207abe,8
850,https://zaintest.vuclip.com.afrcloud.xyz,0
851,https://zaintest.vuclip.com.sub.vltr.us.kg,0
852,https://zaintest.vuclip.com.vip.tfstore.biz.id,0
853,https://zaintest.vuclip.com.vpn.mhmmddnl.my.id,0
854,https://zaintest.vuclip.com.vtsbot.masukin.web.id,0
855,https://zjsub.gitpub.top/api/v1/client/subscribe?token=140c71acf1ef34766c267f9ea36ba79f,0
856,dynamic://peasoft,0

总计,,39720
